1	1	Παῦλος καὶ Τιμόθεος	Paul et Timothée,	PHP_1_1_xk9z
1	2	δοῦλοι Χριστοῦ Ἰησοῦ	serviteurs du-Christ Jésus	
1	3	πᾶσιν τοῖς ἁγίοις	à-tous les saints	
1	4	ἐν Χριστῷ Ἰησοῦ	en Christ Jésus	
1	5	τοῖς οὖσιν	ceux étant	
1	6	ἐν Φιλίπποις	à Philippes,	
1	7	σὺν ἐπισκόποις καὶ διακόνοις	avec *les* évêques et *les* diacres :	
1	8	χάρις καὶ εἰρήνη ὑμῖν	grâce et paix à-vous	PHP_1_2_uuep
1	9	ἀπὸ Θεοῦ Πατρὸς ἡμῶν	de-la-part de-Dieu *le* Père de-nous	
1	10	καὶ Κυρίου Ἰησοῦ Χριστοῦ	et du-Seigneur Jésus Christ.	
2	1	εὐχαριστῶ	Je remercie	
2	2	τῷ Θεῷ μου	le Dieu de-moi	
2	3	ἐπὶ πάσῃ τῇ μνείᾳ	dans chaque souvenir	
2	4	ὑμῶν	de vous,	PHP_1_3_ntp5
2	5	ἐν πάσῃ δεήσει μου	dans chaque prière de-moi,	
2	6	ποιούμενος τὴν δέησιν	faisant ma prière	
2	7	πάντοτε μετὰ χαρᾶς	toujours avec joie	
2	8	ὑπὲρ ὑμῶν πάντων	pour vous tous,	
2	9	ἐπὶ τῇ κοινωνίᾳ ὑμῶν	à-cause-de la participation de-vous	PHP_1_5_bca2
2	10	εἰς τὸ εὐαγγέλιον	à *l'avancement de* l'évangile,	PHP_1_5_yi9l
2	11	ἀπὸ τῆς πρώτης ἡμέρας	depuis le premier jour	PHP_1_5_vi1r
2	12	ἄχρι τοῦ νῦν	jusqu'à maintenant	
2	13	πεποιθὼς	étant devenu confiant en	PHP_1_6_s1l8
2	14	τοῦτο αὐτὸ	cette chose,	
2	15	ὅτι	*à savoir* que	
2	16	ὁ ἐναρξάμενος	celui ayant-commencé	PHP_1_6_jf4x
2	17	ἔργον ἀγαθὸν	une-œuvre bonne	
2	18	ἐν ὑμῖν	en vous,	PHP_1_6_u80a
2	19	ἐπιτελέσει	*la* complètera	PHP_1_6_p2a5
2	20	ἄχρι ἡμέρας Χριστοῦ Ἰησοῦ	jusqu'au jour du-Christ Jésus ;	PHP_1_6_p5pu
2	21	καθώς	ainsi	
2	22	ἐστιν δίκαιον ἐμοὶ	il-est juste pour-moi	
2	23	φρονεῖν τοῦτο	*de* ressentir cela	
2	24	ὑπὲρ ὑμῶν πάντων	pour vous tous	
2	25	διὰ	à cause de	
2	26	τὸ ἔχειν με	le fait-d'avoir quant-à-moi	
2	27	ὑμᾶς	vous	
2	28	ἐν τῇ καρδίᾳ	dans mon cœur	PHP_1_7_sowf
2	29	ὑμᾶς πάντας ὄντας	vous tous étant	
2	30	συνκοινωνούς μου	participants-avec moi	
2	31	τῆς χάριτος	de-la grâce	
2	32	τε	non seulement	
2	33	ἔν τοῖς δεσμοῖς μου	dans les chaînes de-moi,	PHP_1_7_lrs1
2	34	καὶ	mais encore	
2	35	ἐν τῇ ἀπολογίᾳ	dans ma défense	
2	36	καὶ βεβαιώσει τοῦ εὐαγγελίου	et *dans ma* consolidation de-l'évangile.	
3	1	γάρ ὁ Θεός	Car Dieu	
3	2	μάρτυς μου	*est* témoin de-moi,	PHP_1_8_sf3a
3	3	ὡς	que	
3	4	ἐπιποθῶ	j'aime grandement	
3	5	ὑμᾶς πάντας	vous tous	
3	6	ἐν σπλάγχνοις	dans *les* entrailles	PHP_1_8_xun1
3	7	Χριστοῦ Ἰησοῦ	du-Christ Jésus.	
4	1	καὶ προσεύχομαι τοῦτο	Et je-prie cela,	
4	2	ἵνα	que	
4	3	ἡ ἀγάπη ὑμῶν	l'amour de-vous	
4	4	περισσεύῃ	abonde	PHP_1_9_l2jl
4	5	ἔτι μᾶλλον καὶ μᾶλλον	de plus en plus	
4	6	ἐν ἐπιγνώσει	dans *la* connaissance	
4	7	καὶ πάσῃ αἰσθήσει	et *dans* tout discernement,	PHP_1_9_l1cy
4	8	εἰς τὸ δοκιμάζειν ὑμᾶς	pour le fait-de-distinguer quant-à-vous	PHP_1_10_e17g
4	9	τὰ διαφέροντα	les *choses* meilleures	PHP_1_10_s4ec
4	10	ἵνα	afin que	
4	11	ἦτε εἰλικρινεῖς	vous-soyez purs	
4	12	καὶ ἀπρόσκοποι	et sans-reproche	PHP_1_10_siv8
4	13	εἰς ἡμέραν Χριστοῦ	pour *le* jour du-Christ,	
4	14	πεπληρωμένοι	étant devenus pleins	
4	15	καρπὸν δικαιοσύνης	*du* fruit de-justice	PHP_1_11_lu5n
4	16	τὸν	celui 	
4	17	διὰ Ἰησοῦ Χριστοῦ	*qui vient* par Jésus Christ,	
4	18	εἰς δόξαν καὶ ἔπαινον Θεοῦ	pour *la* gloire et *la* louange de-Dieu.	PHP_1_11_hwg1
5	1	δὲ	Maintenant,	PHP_1_12_yrp2
5	2	ἀδελφοί	frères,	PHP_1_12_tu2t
5	3	βούλομαι ὑμᾶς γινώσκειν	je-veux *que* vous sachiez,	
5	4	ὅτι	que	
5	5	τὰ	les choses	
5	6	κατ’ ἐμὲ	au-sujet-de moi,	PHP_1_12_zy4g
5	7	ἐλήλυθεν	sont survenues	
5	8	μᾶλλον εἰς προκοπὴν τοῦ εὐαγγελίου	plutôt pour *le* progrès de-l'évangile ; 	PHP_1_12_q288
5	9	ὥστε	de sorte que	PHP_1_13_wi6n
5	10	τοὺς δεσμούς μου	les chaînes de-moi	PHP_1_13_h1ly
5	11	ἐν Χριστῷ	en Christ	PHP_1_13_f8az
5	12	γενέσθαι φανεροὺς	sont-devenues manifestes	
5	13	ἐν ὅλῳ τῷ πραιτωρίῳ	dans tout le prétoire	PHP_1_13_dm1m
5	14	καὶ πᾶσιν τοῖς λοιποῖς	et pour-toutes les personnes-restantes ;	
5	15	καὶ	et *que*	
5	16	τοὺς πλείονας τῶν ἀδελφῶν ἐν Κυρίῳ	la plupart des frères dans *le* Seigneur	
5	17	πεποιθότας	étant devenus confiants	
5	18	τοῖς δεσμοῖς μου	*grâce* aux chaînes de-moi	
5	19	τολμᾶν	osent	
5	20	περισσοτέρως	avec plus d'empressement	
5	21	λαλεῖν τὸν λόγον ἀφόβως	annoncer la parole sans-peur.	PHP_1_14_gy47
6	1	τινὲς μὲν	Plusieurs	
6	2	καὶ καὶ	il est vrai	
6	3	κηρύσσουσιν τὸν Χριστὸν	proclament le Christ	
6	4	διὰ φθόνον καὶ ἔριν	par jalousie et rivalité,	
6	5	δὲ τινὲς	mais d'autres	
6	6	δι’ εὐδοκίαν	par bonne-intention.	
7	1	οἱ μὲν	Ceux-ci	
7	2	ἐξ ἀγάπης	*proclament le Christ* par amour	
7	3	εἰδότες ὅτι	sachant que	
7	4	κεῖμαι	je suis établi	PHP_1_16_ttr2
7	5	εἰς ἀπολογίαν τοῦ εὐαγγελίου	pour *la* défense de-l'évangile,	PHP_1_16_st7k
7	6	δὲ οἱ	mais ceux-là	
7	7	καταγγέλλουσιν τὸν Χριστὸν	proclament-ouvertement le Christ	
7	8	ἐξ ἐριθείας	par ambition,	
7	9	οἰόμενοι	pensant	
7	10	οὐχ ἁγνῶς	pas purement	
7	11	ἐγείρειν θλῖψιν	élever une-tribulation	
7	12	τοῖς δεσμοῖς μου	dans-les chaînes de-moi.	PHP_1_17_z8ty
8	1	τί γάρ	Quoi en-effet ?	PHP_1_18_z5ia
9	1	πλὴν ὅτι	*La* seule *chose qui compte, c'est* que	
9	2	παντὶ τρόπῳ	de-toute manière,	
9	3	εἴτε προφάσει εἴτε ἀληθείᾳ	soit par-prétexte, soit par-vérité,	
9	4	Χριστὸς καταγγέλλεται	Christ est-proclamé-ouvertement	
9	5	καὶ ἐν τούτῳ χαίρω	et en cela je-me-réjouis,	
9	6	ἀλλὰ καὶ	mais encore	
9	7	χαρήσομαι	je me réjouirai.	
10	1	γὰρ οἶδα ὅτι	Car je-sais que	
10	2	τοῦτό ἀποβήσεται μοι	cela aboutira pour-moi	
10	3	εἰς σωτηρίαν	au salut	PHP_1_19_h9hf
10	4	διὰ τῆς δεήσεως ὑμῶν	à-travers la prière de-vous,	
10	5	καὶ ἐπιχορηγίας	et *à travers l'* assistance	
10	6	τοῦ Πνεύματος Ἰησοῦ Χριστοῦ	de-l'Esprit de-Jésus Christ	
10	7	κατὰ τὴν ἀποκαραδοκίαν	selon ma ferme-assurance	
10	8	καὶ ἐλπίδα μου	et *l'* espoir de-moi,	PHP_1_20_fh48
10	9	ὅτι αἰσχυνθήσομαι ἐν οὐδενὶ	que je-n'aurai-honte de rien,	
10	10	ἀλλ’ ἐν πάσῃ παρρησίᾳ	mais *qu'* en toute assurance,	
10	11	ὡς νῦν καὶ πάντοτε	maintenant comme toujours,	
10	12	Χριστὸς μεγαλυνθήσεται	Christ sera-glorifié	
10	13	ἐν τῷ σώματί μου	à-travers le corps de-moi,	PHP_1_20_jz1z
10	14	εἴτε διὰ ζωῆς	soit à-travers *ma* vie	
10	15	εἴτε διὰ θανάτου	soit à-travers *ma* mort.	PHP_1_20_y78k
11	1	γὰρ ἐμοὶ	Car pour-moi	
11	2	τὸ ζῆν Χριστὸς	le *fait de* vivre *c'est* Christ,	PHP_1_21_sxt5
11	3	καὶ τὸ ἀποθανεῖν κέρδος	et le *fait-de* mourir *c'est* un-gain.	PHP_1_21_n3jd
12	1	δὲ	Cependant	
12	2	εἰ	si *je dois*	
12	3	τὸ ζῆν ἐν σαρκί	vivre *encore* dans la-chair,	PHP_1_22_a21c
12	4	τοῦτό μοι	*alors* cela *sera* pour-moi	
12	5	καρπὸς ἔργου	*du* fruit *du* travail.	PHP_1_22_mwl6
13	1	καὶ τί αἱρήσομαι	Et ce-que je-préfèrerai	
13	2	οὐ γνωρίζω	je ne sais pas.	
14	1	δὲ	En fait,	
14	2	συνέχομαι ἐκ τῶν δύο	je-suis-pressé par les deux *possibilités*,	PHP_1_23_tq29
14	3	ἔχων τὴν ἐπιθυμίαν εἰς τὸ ἀναλῦσαι	ayant le désir de quitter *cette vie sur terre*	PHP_1_23_f7qg
14	4	καὶ εἶναι σὺν Χριστῷ	et d'être avec Christ,	
14	5	γὰρ πολλῷ μᾶλλον κρεῖσσον	car *c'est* de-beaucoup plus le-meilleur ;	
14	6	δὲ τὸ ἐπιμένειν ἐν τῇ σαρκὶ	mais rester *vivre* dans la chair	
14	7	ἀναγκαιότερον δι’ ὑμᾶς	*est* plus-nécessaire à-cause de-vous.	
15	1	καὶ πεποιθὼς τοῦτο	Et confiant en-cela,	PHP_1_25_bu8d
15	2	οἶδα ὅτι μενῶ	je-sais que je-resterai	PHP_1_25_kmp4
15	3	καὶ παραμενῶ ὑμῖν πᾶσιν	et *que* je-demeurerai pour-vous tous	
15	4	εἰς τὴν προκοπὴν ὑμῶν	pour le progrès de-vous	
15	5	καὶ χαρὰν τῆς πίστεως	et *pour votre* joie dans-la-foi,	
15	6	ἵνα τὸ καύχημα ὑμῶν	afin-que la glorification de-vous	
15	7	περισσεύῃ ἐν Χριστῷ Ἰησοῦ	abonde en Christ Jésus	
15	8	ἐν ἐμοὶ	à-travers moi,	PHP_1_26_i9cl
15	9	διὰ τῆς ἐμῆς παρουσίας	par mon arrivée	
15	10	πάλιν πρὸς ὑμᾶς	à-nouveau auprès-de vous.	
16	1	μόνον πολιτεύεσθε	Seulement comportez-vous	
16	2	ἀξίως	d'une manière digne	
16	3	τοῦ εὐαγγελίου τοῦ Χριστοῦ	de-l'évangile du Christ,	
16	4	ἵνα	afin que	
16	5	εἴτε ἐλθὼν καὶ ἰδὼν ὑμᾶς	soit *moi* venant et voyant vous,	
16	6	εἴτε ἀπὼν	soit *moi* absent,	
16	7	ἀκούω τὰ περὶ ὑμῶν	j'entende cela à-propos-de vous,	
16	8	ὅτι στήκετε ἐν ἑνὶ πνεύματι	que vous-restez-ferme en un-seul esprit,	PHP_1_27_cd3b
16	9	συναθλοῦντες μιᾷ ψυχῇ	combattant d'une-seule âme	
16	10	τῇ πίστει τοῦ εὐαγγελίου	pour-la foi de-l'évangile ;	PHP_1_27_ya3h
16	11	καὶ μὴ πτυρόμενοι	et n'étant-effrayés	
16	12	ἐν μηδενὶ	en rien	PHP_1_28_i9yt
16	13	ὑπὸ τῶν ἀντικειμένων	par les opposants,	
16	14	ἔνδειξις ἥτις ἐστὶν αὐτοῖς	*ce sera* un-signe qui est pour-eux	PHP_1_28_l495
16	15	ἀπωλείας	*un signe* de-ruine,	
16	16	δὲ σωτηρίας ὑμῶν	mais *un signe* du-salut de-nous,	
16	17	καὶ τοῦτο ἀπὸ Θεοῦ	et cela de-la-part de-Dieu ;	PHP_1_28_nb4b
16	18	ὅτι τὸ ὑπὲρ Χριστοῦ	parce-que cette *chose* au-nom-de Christ	
16	19	ἐχαρίσθη	a été accordée par grâce	
16	20	ὑμῖν	à vous,	
16	21	οὐ μόνον τὸ πιστεύειν εἰς αὐτὸν	non seulement le *fait de* croire en lui,	
16	22	ἀλλὰ καὶ τὸ πάσχειν ὑπὲρ αὐτοῦ	mais encore le *fait de* souffrir pour lui,	
16	23	ἔχοντες τὸν αὐτὸν ἀγῶνα	*parce que vous* ayant le même combat,	PHP_1_30_x4z3
16	24	οἷον εἴδετε	*combat* que vous-avez-vu	
16	25	ἐν ἐμοὶ	en moi	
16	26	καὶ	et *que*	
16	27	ἀκούετε ἐν ἐμοί	vous-entendez dans *ma* vie	
16	28	νῦν	maintenant *encore*.	
17	1	οὖν	Donc	
17	2	εἴ τις παράκλησις ἐν Χριστῷ	s' *il y a* quelque encouragement en Christ,	PHP_2_1_b1q7;PHP_2_1_xye5
17	3	εἴ τι παραμύθιον ἀγάπης	s' *il y a* quelque soulagement de-l'amour, 	PHP_2_1_k1b2
17	4	εἴ τις κοινωνία Πνεύματος	s' *il y a* quelque communion de-l'Esprit,	PHP_2_1_m84k
17	5	εἴ τις σπλάγχνα	s' *il y a* quelque compassion	
17	6	καὶ οἰκτιρμοί	et de-la-miséricorde,	PHP_2_1_l2px
17	7	πληρώσατέ τὴν χαρὰν μου	comblez la joie de-moi,	PHP_2_2_jxq2
17	8	ἵνα φρονῆτε τὸ αὐτὸ	ressentez le même *sentiment*	
17	9	ἔχοντες τὴν αὐτὴν ἀγάπην	ayant le même amour,	
17	10	σύνψυχοι	*étant* d'une même âme,	
17	11	φρονοῦντες τὸ ἓν	ayant un seul *avis*.	
18	1	μηδὲν κατ’ ἐριθείαν	*Ne faites* rien par ambition,	
18	2	μηδὲ κατὰ κενοδοξίαν	ni par vaine-gloire,	PHP_2_3_y1le
18	3	ἀλλὰ τῇ ταπεινοφροσύνῃ	mais par-humilité	
18	4	ἡγούμενοι ἀλλήλους	pensant les-uns-les-autres	
18	5	ὑπερέχοντας ἑαυτῶν	être-supérieurs à-vous-mêmes,	
18	6	ἕκαστος μὴ σκοποῦντες	chacun *de vous* ne considérant pas	
18	7	τὰ ἑαυτῶν	les *intérêts* d'eux-mêmes,	
18	8	ἀλλὰ	mais	
18	9	ἕκαστοι καὶ	chacun *de vous considérant* aussi	
18	10	τὰ ἑτέρων	les *intérêts* des-autres.	
19	1	φρονεῖτε ἐν ὑμῖν	Pensez en vous	
19	2	τοῦτο ὃ καὶ	cet *état d'esprit* qui *était* aussi	
19	3	ἐν Χριστῷ Ἰησοῦ	en Christ Jésus ;	PHP_2_5_rh98
19	4	ὃς ὑπάρχων	*Jésus* qui existant	
19	5	ἐν μορφῇ Θεοῦ	en forme de-Dieu,	PHP_2_6_hs4q
19	6	οὐχ ἡγήσατο	n'a pas considéré	
19	7	τὸ εἶναι ἴσα Θεῷ	le fait-d'être égal à-Dieu	
19	8	ἁρπαγμὸν	*comme* un prix à arracher,	PHP_2_6_els2
19	9	ἀλλὰ ἐκένωσεν	mais a-vidé	
19	10	ἑαυτὸν	lui-même	PHP_2_7_yu25
19	11	λαβών μορφὴν δούλου	prenant une-forme de-serviteur,	
19	12	γενόμενος	devenant	
19	13	ἐν ὁμοιώματι ἀνθρώπων	dans l'apparence des-humains	
20	1	καὶ εὑρεθεὶς	Et ayant-été-trouvé	
20	2	σχήματι	quant à son apparence	
20	3	ὡς ἄνθρωπος	en-tant-qu' humain,	
20	4	ἐταπείνωσεν ἑαυτὸν	il-a-humilié lui-même,	
20	5	γενόμενος ὑπήκοος μέχρι θανάτου	devenant obéissant jusqu'à *la* mort,	PHP_2_8_t8a6
20	6	δὲ θανάτου σταυροῦ	même *la* mort sur-la-croix.	
21	1	διὸ καὶ	C'est-pourquoi aussi	
21	2	ὁ Θεὸς ὑπερύψωσεν αὐτὸν	Dieu a-grandement-exalté lui,	
21	3	καὶ ἐχαρίσατο	et il-a-accordé-gracieusement	
21	4	αὐτῷ	à lui	
21	5	τὸ ὄνομα	le nom	
21	6	τὸ ὑπὲρ πᾶν ὄνομα	celui au-dessus-de tout nom,	PHP_2_9_mvb7
21	7	ἵνα ἐν τῷ ὀνόματι Ἰησοῦ	afin-qu' au nom de-Jésus,	
21	8	πᾶν γόνυ	tout genou	
21	9	ἐπουρανίων	des hommes qui sont dans le ciel	
21	10	καὶ ἐπιγείων	et des-hommes-qui-sont-sur-la-terre	
21	11	καὶ καταχθονίων	et des-hommes-qui-sont-sous-la-terre	PHP_2_10_kfb4
21	12	κάμψῃ	plie	PHP_2_10_tk45
21	13	καὶ πᾶσα γλῶσσα	et *que* toute langue	PHP_2_11_xy4f
21	14	ἐξομολογήσηται ὅτι	reconnaisse que	
21	15	Ἰησοῦς Χριστὸς Κύριος	Jésus Christ *est* Seigneur,	
21	16	εἰς δόξαν Θεοῦ Πατρὸς	pour *la* gloire de-Dieu le-Père.	PHP_2_11_mr2i
22	1	ὥστε	Ainsi,	PHP_2_12_jnp3
22	2	ἀγαπητοί μου	bien-aimés de-moi,	PHP_2_12_e359
22	3	καθὼς ὑπηκούσατε πάντοτε	comme vous-avez-obéi toujours,	
22	4	κατεργάζεσθε	continuez-à-travailler	
22	5	τὴν σωτηρίαν ἑαυτῶν	le salut de-vous-mêmes,	PHP_2_12_j897
22	6	μετὰ φόβου καὶ τρόμου	avec crainte et tremblement,	PHP_2_12_cm1s
22	7	μὴ μόνον	non seulement	
22	8	ὡς ἐν τῇ παρουσίᾳ μου	comme en la présence de-moi,	
22	9	ἀλλὰ νῦν	mais maintenant	
22	10	πολλῷ μᾶλλον	beaucoup plus	
22	11	ἐν τῇ ἀπουσίᾳ μου	en l' absence de-moi.	
23	1	γάρ Θεὸς ἐστιν	Car Dieu est	
23	2	ὁ ἐνεργῶν	celui mettant-en-œuvre	
23	3	καὶ τὸ θέλειν	et le fait-de-vouloir,	
23	4	καὶ τὸ ἐνεργεῖν	et le fait-d'être-à-l'œuvre,	
23	5	ἐν ὑμῖν	en vous,	
23	6	ὑπὲρ τῆς εὐδοκίας	selon son plaisir.	
24	1	ποιεῖτε πάντα	Faites toutes-choses	
24	2	χωρὶς γογγυσμῶν καὶ διαλογισμῶν	sans murmures ni contestations,	
24	3	ἵνα γένησθε	afin-que vous-deveniez	
24	4	ἄμεμπτοι καὶ ἀκέραιοι	sans-faute et innocents,	PHP_2_15_z2lz
24	5	τέκνα Θεοῦ ἄμωμα	des-enfants de-Dieu irréprochables	
24	6	μέσον γενεᾶς	au-milieu-d' une-génération	
24	7	σκολιᾶς καὶ διεστραμμένης	tortueuse et pervertie,	PHP_2_15_jb7y
24	8	ἐν οἷς	parmi qui	
24	9	φαίνεσθε	vous brillez	
24	10	ὡς φωστῆρες ἐν κόσμῳ	comme des-flambeaux dans l'univers,	PHP_2_15_p71u
24	11	ἐπέχοντες λόγον ζωῆς	portant *la* parole de-vie	PHP_2_16_u3qb
24	12	εἰς καύχημα ἐμοὶ	pour la-gloire à-moi	
24	13	εἰς ἡμέραν Χριστοῦ	au jour de-Christ,	PHP_2_16_q7y8
24	14	ὅτι	parce que	
24	15	οὐκ ἔδραμον	je n'ai pas couru	PHP_2_16_m1z7
24	16	εἰς κενὸν	pour du-vide,	
24	17	οὐδὲ εἰς κενὸν	ni pour du-vide	
24	18	ἐκοπίασα	j'ai travaillé avec peine,	PHP_2_16_m5aq
24	19	ἀλλ’ εἰ καὶ	et si même	
24	20	σπένδομαι	je sers de libation	
24	21	ἐπὶ τῇ θυσίᾳ	pour le sacrifice	
24	22	καὶ λειτουργίᾳ	et *le* service	
24	23	τῆς πίστεως ὑμῶν	de la-foi de-vous,	
24	24	χαίρω	je me réjouis	
24	25	καὶ συνχαίρω ὑμῖν πᾶσιν	et je-me-réjouis-avec vous tous.	PHP_2_17_bky1
25	1	δὲ	Et	
25	2	ὑμεῖς καὶ	vous aussi	
25	3	χαίρετε τὸ αὐτὸ	réjouissez-vous de-la même-manière	
25	4	καὶ συνχαίρετέ μοι	et réjouissez-vous-avec moi.	
26	1	δὲ ἐλπίζω	Et j'espère	
26	2	ἐν Κυρίῳ Ἰησοῦ	dans le-Seigneur Jésus,	
26	3	πέμψαι ταχέως ὑμῖν Τιμόθεον	envoyer bientôt à-vous Timothée,	
26	4	ἵνα	afin que	
26	5	κἀγὼ	moi aussi	
26	6	εὐψυχῶ	je sois rassuré	
26	7	γνοὺς	apprenant	
26	8	τὰ περὶ ὑμῶν	les *choses* au-sujet-de vous.	
27	1	γὰρ	Car	
27	2	ἔχω οὐδένα	je n'ai personne	
27	3	ἰσόψυχον	ayant les mêmes sentiments,	
27	4	ὅστις	qui	
27	5	μεριμνήσει γνησίως	s'inquiétera fidèlement	
27	6	τὰ περὶ ὑμῶν	des *choses* au-sujet-de vous.	
28	1	γὰρ	En effet	
28	2	οἱ πάντες	les tous	PHP_2_21_b922
28	3	ζητοῦσιν τὰ ἑαυτῶν	recherchent les-choses d'eux-mêmes,	
28	4	οὐ τὰ Ἰησοῦ Χριστοῦ	non les-choses de-Jésus Christ.	
29	1	δὲ γινώσκετε	Et vous-connaissez	
29	2	τὴν δοκιμὴν αὐτοῦ	la foi-éprouvée de-lui	
29	3	ὅτι ἐδούλευσεν εἰς τὸ εὐαγγέλιον	parce-qu' il-a-servi pour l'évangile	PHP_2_22_xdn5
29	4	σὺν ἐμοὶ	avec moi,	
29	5	ὡς τέκνον πατρὶ	comme un-enfant *avec son* père.	PHP_2_22_gm8i
30	1	μὲν	D'un côté,	
30	2	ἐλπίζω οὖν	j'espère donc	
30	3	πέμψαι τοῦτον	envoyer celui-ci,	
30	4	ὡς ἂν	dès que	
30	5	ἀφίδω	je verrai clairement	
30	6	τὰ περὶ ἐμὲ	les *choses* au-sujet-de moi	
30	7	ἐξαυτῆς	immédiatement ;	
30	8	δὲ	mais de l'autre,	
30	9	πέποιθα ἐν Κυρίῳ	j'ai-confiance dans *le* Seigneur,	
30	10	ὅτι αὐτὸς καὶ	que moi-même aussi	
30	11	ἐλεύσομαι ταχέως	je-viendrai bientôt.	
31	1	δὲ ἡγησάμην ἀναγκαῖον	Et j'ai-estimé nécessaire	
31	2	πέμψαι πρὸς ὑμᾶς	envoyer vers vous,	
31	3	Ἐπαφρόδιτον	Épaphrodite,	PHP_2_25_k4wz
31	4	τὸν ἀδελφὸν	le frère *de moi*	
31	5	καὶ συνεργὸν	et compagnon-d'œuvre *de moi*	
31	6	καὶ συνστρατιώτην μου	et compagnon-de-combat de-moi,	PHP_2_25_c3ce
31	7	δὲ ἀπόστολον	et apôtre *de vous*	
31	8	καὶ λειτουργὸν ὑμῶν	et serviteur de-vous	
31	9	τῆς χρείας μου	du besoin de-moi,	
31	10	ἐπειδὴ	puisque	
31	11	ἦν ἐπιποθῶν	il-était désirant	
31	12	ὑμᾶς πάντας	vous tous,	
31	13	καὶ ἀδημονῶν	et s'angoissant,	
31	14	διότι	parce que	
31	15	ἠκούσατε	vous avez entendu	
31	16	ὅτι ἠσθένησεν	qu' il-a-été-malade.	
32	1	καὶ γὰρ ἠσθένησεν	Et en-effet il-a-été-malade	
32	2	παραπλήσιον θανάτῳ	proche de-*la*-mort,	
32	3	ἀλλὰ ὁ Θεὸς	mais Dieu	
32	4	ἠλέησεν αὐτόν	a-eu-pitié de-lui,	
32	5	δὲ οὐκ μόνον	et non seulement	
32	6	αὐτὸν	de-lui,	
32	7	ἀλλὰ καὶ ἐμέ	mais aussi de-moi,	
32	8	ἵνα μὴ σχῶ	afin-que je n'aie pas	
32	9	λύπην ἐπὶ λύπην	tristesse sur tristesse.	PHP_2_27_itx2
33	1	οὖν	Donc	
33	2	ἔπεμψα αὐτὸν	j'ai envoyé lui	
33	3	σπουδαιοτέρως	avec plus d'empressement	
33	4	ἵνα χαρῆτε	afin-que vous-vous-réjouissiez	
33	5	ἰδόντες πάλιν	voyant à-nouveau	
33	6	αὐτὸν	lui,	
33	7	κἀγὼ	et *que* moi	
33	8	ὦ ἀλυπότερος	je-sois moins-triste.	
34	1	οὖν	Donc	
34	2	προσδέχεσθε αὐτὸν	accueillez lui	PHP_2_29_y95x
34	3	ἐν Κυρίῳ	dans *le* Seigneur	
34	4	μετὰ πάσης χαρᾶς	avec toute joie,	PHP_2_29_qx14
34	5	καὶ ἔχετε τοὺς τοιούτους	et ayez les tels *hommes*	
34	6	ἐντίμους	honorés,	
34	7	ὅτι ἤγγισεν	parce-qu' il-a-approché	
34	8	μέχρι θανάτου	jusqu'à *la* mort	PHP_2_30_ns1y
34	9	διὰ τὸ ἔργον Χριστοῦ	pour l'œuvre de-Christ,	
34	10	παραβολευσάμενος	ayant pris des risques	
34	11	τῇ ψυχῇ	avec-sa vie,	
34	12	ἵνα ἀναπληρώσῃ	afin-qu' il complète	
34	13	τὸ ὑστέρημα ὑμῶν	le manque de-vous,	
34	14	τῆς λειτουργίας	du service	
34	15	πρός με	envers moi.	PHP_2_30_g98z
35	1	τὸ λοιπόν	Au reste,	
35	2	ἀδελφοί μου	frères de-moi,	PHP_3_1_zu9l
35	3	χαίρετε ἐν Κυρίῳ	réjouissez-vous dans *le* Seigneur.	PHP_3_1_ymm2
36	1	γράφειν ὑμῖν	Écrire à-vous	
36	2	τὰ αὐτὰ	les mêmes *choses*,	
36	3	οὐκ ὀκνηρόν	n'*est* pas lassant	
36	4	ἐμοὶ μὲν	pour-moi d'un-côté,	
36	5	ὑμῖν δὲ	pour-vous de-l'autre	
36	6	ἀσφαλές	*c'est une* sûreté.	PHP_3_1_qb78
37	1	βλέπετε τοὺς κύνας	Prenez-garde aux chiens ;	PHP_3_2_yeax
37	2	βλέπετε τοὺς κακοὺς ἐργάτας	prenez-garde aux mauvais ouvriers ;	
37	3	βλέπετε τὴν κατατομήν	prenez-garde à-la circoncision.	PHP_3_2_cka6
38	1	γάρ	Car	
38	2	ἡμεῖς ἐσμεν	nous nous-sommes	PHP_3_3_y8yt
38	3	ἡ περιτομή	la circoncision,	PHP_3_3_xt5r
38	4	οἱ λατρεύοντες	ceux servant	
38	5	Πνεύματι Θεοῦ	à-l'Esprit de-Dieu	
38	6	καὶ καυχώμενοι	et se-glorifiant	
38	7	ἐν Χριστῷ Ἰησοῦ	en Christ Jésus,	
38	8	καὶ οὐκ πεποιθότες	et non mettant-notre-confiance	
38	9	ἐν σαρκὶ	dans *la* chair,	PHP_3_3_k8ph
38	10	καίπερ ἐγὼ	bien-que moi	PHP_3_4_e346
38	11	ἔχων καὶ	ayant aussi	
38	12	πεποίθησιν ἐν σαρκί	une-confiance en *la* chair	
39	1	εἴ τις ἄλλος	Si quelqu'un d'autre	
39	2	δοκεῖ	pense	
39	3	πεποιθέναι ἐν σαρκί	avoir-confiance dans *la* chair ;	
39	4	ἐγὼ μᾶλλον	*alors* moi plus *que lui* :	PHP_3_4_upw5
39	5	περιτομῇ	par la circoncision	
39	6	ὀκταήμερος	*quand j'étais* âgé-de-huit-jours	
39	7	ἐκ γένους Ἰσραήλ	de *la* race d'Israël	
39	8	φυλῆς Βενιαμείν	*de la* tribu de-Benjamin,	
39	9	Ἑβραῖος ἐξ Ἑβραίων	Hébreu *né* de *parents* Hébreux,	PHP_3_5_p4ik
39	10	Φαρισαῖος κατὰ νόμον	Pharisien selon *la* loi,	PHP_3_5_we4t
39	11	διώκων τὴν ἐκκλησίαν	persécutant l'Église	PHP_3_6_n51b
39	12	κατὰ ζῆλος	selon *le* zèle,	PHP_3_6_ksr3
39	13	γενόμενος ἄμεμπτος	devenu irréprochable	
39	14	κατὰ δικαιοσύνην	selon *la* justice	
39	15	τὴν ἐν νόμῳ	celle dans *la* loi.	PHP_3_6_hln8
40	1	ἅτινα	*Les* choses qui	PHP_3_7_n4lg
40	2	ἦν μοι	étaient pour-moi	
40	3	κέρδη	un gain,	
40	4	ἥγημαι	j'ai pensé	
40	5	ταῦτα ζημίαν	ces *choses être* une-perte	PHP_3_7_lb8f
40	6	διὰ τὸν Χριστὸν	à-cause du Christ.	
41	1	ἀλλὰ μενοῦνγε	Mais en-plus	
41	2	καὶ	aussi	
41	3	ἡγοῦμαι πάντα	je-pense toutes *choses*	
41	4	εἶναι ζημίαν	être une-perte	PHP_3_8_e1fp
41	5	διὰ τὸ ὑπερέχον	à-cause-de l' excellence	
41	6	τῆς γνώσεως Χριστοῦ Ἰησοῦ	de-la connaissance du-Christ Jésus	
41	7	τοῦ Κυρίου μου	le Seigneur de-moi,	
41	8	δι’ ὃν	à-cause-de qui	
41	9	ἐζημιώθην	j'ai éprouvé la perte	
41	10	τὰ πάντα	de toutes-les-choses	
41	11	καὶ ἡγοῦμαι	et je-pense	
41	12	σκύβαλα	*que toutes ces choses sont* des déchets,	
41	13	ἵνα κερδήσω Χριστὸν	afin-que je-gagne Christ,	
41	14	καὶ εὑρεθῶ	et *que* je-sois-trouvé	
41	15	ἐν αὐτῷ	en lui,	PHP_3_9_iy4k
41	16	μὴ ἔχων	n'ayant pas	
41	17	ἐμὴν δικαιοσύνην	ma *propre* justice,	
41	18	τὴν ἐκ νόμου	celle de *la* loi,	
41	19	ἀλλὰ τὴν	mais celle	
41	20	διὰ πίστεως Χριστοῦ	*qui vient* à-travers *la* foi en-Christ	PHP_3_9_qw6g
41	21	τὴν δικαιοσύνην ἐκ Θεοῦ	la justice *qui vient* de Dieu	
41	22	ἐπὶ τῇ πίστει	par la foi ;	
41	23	τοῦ γνῶναι αὐτὸν	pour connaître lui,	
41	24	καὶ τὴν δύναμιν	et la puissance	PHP_3_10_vj4s
41	25	τῆς ἀναστάσεως αὐτοῦ	de-la résurrection de-lui,	
41	26	καὶ κοινωνίαν	et la-participation	
41	27	παθημάτων αὐτοῦ	aux-souffrances de-lui,	
41	28	συμμορφιζόμενος	étant devenu conforme	
41	29	τῷ θανάτῳ αὐτοῦ	à-la mort de-lui,	PHP_3_10_xw42
41	30	εἴ πως	si d'une-certaine-manière	PHP_3_11_l4rm
41	31	καταντήσω	je parviens	
41	32	εἰς τὴν ἐξανάστασιν	à la résurrection	
41	33	τὴν ἐκ νεκρῶν	celle *d'* entre *les* morts.	
42	1	οὐχ ὅτι	*Je* ne *dis* pas que	
42	2	ἔλαβον ἤδη	j'ai-attrapé *tout cela* déjà,	PHP_3_12_xk5q
42	3	ἢ τετελείωμαι ἤδη	ou *que* j'ai-atteint-la-perfection déjà ;	PHP_3_12_h8p7;PHP_3_12_ms3v
42	4	δὲ διώκω	mais je-poursuis-la-course,	PHP_3_12_i5ld
42	5	εἰ καταλάβω καὶ	si j'obtiens aussi,	
42	6	ἐφ’ ᾧ	*ce* pour quoi	
42	7	κατελήμφθην καὶ	j'ai-été-saisi *moi* aussi	PHP_3_12_m52v
42	8	ὑπὸ Χριστοῦ Ἰησοῦ	par Christ Jésus.	PHP_3_12_fr9q
43	1	ἀδελφοί	Frères,	PHP_3_13_tzg8
43	2	ἐγὼ οὐ λογίζομαι	moi je ne pense pas	
43	3	ἐμαυτὸν κατειληφέναι	moi avoir-obtenu *tout cela*	PHP_3_13_kqk7
43	4	δέ ἓν	mais *je dis* une-chose :	
43	5	μὲν ἐπιλανθανόμενος	oubliant	
43	6	τὰ ὀπίσω	les *choses* derrière,	
43	7	δὲ	mais	
43	8	ἐπεκτεινόμενος	tendant vers	
43	9	τοῖς ἔμπροσθεν	les *choses* devant,	PHP_3_13_ia2b
43	10	διώκω κατὰ σκοπὸν	je-poursuis-la-course vers le-but	
43	11	εἰς τὸ βραβεῖον	pour *obtenir* le prix	PHP_3_14_lmr6
43	12	τῆς κλήσεως	de-l' appel	
43	13	ἄνω	d'en haut	
43	14	τοῦ Θεοῦ ἐν Χριστῷ Ἰησοῦ	de Dieu en Christ Jésus.	PHP_3_14_z39s
44	1	οὖν	Donc,	
44	2	ὅσοι τέλειοι	autant-que *nous sommes* accomplis,	
44	3	φρονῶμεν τοῦτο	pensons cela :	PHP_3_15_de4y
44	4	καὶ εἴ	et si	
44	5	φρονεῖτε	vous pensez	
44	6	τι ἑτέρως	quelque-chose différemment,	
44	7	ὁ Θεὸς	Dieu	
44	8	ἀποκαλύψει	révèlera	
44	9	τοῦτο καὶ	cela aussi	
44	10	ὑμῖν	à vous.	
45	1	πλὴν	Seulement	
45	2	εἰς ὃ	*en considérant* vers quoi	
45	3	ἐφθάσαμεν	nous sommes *déjà* arrivés,	PHP_3_16_pxn9
45	4	στοιχεῖν	marchons ensemble	
45	5	τῷ αὐτῷ	dans-la même *direction*.	
46	1	γίνεσθε	Devenez	
46	2	συνμιμηταί μου	imitateurs de-moi,	PHP_3_17_jed4
46	3	ἀδελφοί	frères,	PHP_3_17_uxc5
46	4	καὶ σκοπεῖτε	et considérez	
46	5	τοὺς περιπατοῦντας	les *personnes* marchant	
46	6	οὕτω καθὼς	ainsi que	
46	7	ἔχετε	vous avez	
46	8	ἡμᾶς	nous	
46	9	τύπον	*comme* modèle.	
47	1	γὰρ	Car	
47	2	πολλοὶ περιπατοῦσιν	beaucoup marchent	PHP_3_18_ab61
47	3	οὓς πολλάκις	dont souvent	
47	4	ἔλεγον ὑμῖν	je-parlais à-vous,	
47	5	δὲ νῦν λέγω	mais *dont* maintenant je-parle	
47	6	καὶ κλαίων	aussi *en* pleurant,	
47	7	τοὺς ἐχθροὺς τοῦ σταυροῦ τοῦ Χριστοῦ	les ennemis de-la croix du Christ ;	PHP_3_18_n8q2
47	8	ὧν τὸ τέλος	desquels la fin	
47	9	ἀπώλεια	*est la* ruine,	PHP_3_19_v8gv
47	10	ὧν ὁ Θεὸς	desquels le dieu	
47	11	ἡ κοιλία	*est* leur ventre	PHP_3_19_hn9i
47	12	καὶ ἡ δόξα	et *desquels* la gloire	
47	13	ἐν τῇ αἰσχύνῃ αὐτῶν	*est* dans la honte d'eux,	PHP_3_19_u9cl
47	14	οἱ φρονοῦντες	eux pensant	
47	15	τὰ ἐπίγεια	aux *choses* terrestres.	PHP_3_19_sv5z
48	1	γὰρ	Car	
48	2	τὸ πολίτευμα ἡμῶν	la citoyenneté de-nous	PHP_3_20_q1cc
48	3	ὑπάρχει	se trouve	
48	4	ἐν οὐρανοῖς	dans *les* cieux,	PHP_3_20_n2lh
48	5	ἐξ οὗ καὶ	d' où aussi	
48	6	ἀπεκδεχόμεθα	nous attendons avec impatience	
48	7	Σωτῆρα	*le* Sauveur,	
48	8	Κύριον Ἰησοῦν Χριστόν	*le* Seigneur Jésus Christ	
48	9	ὃς μετασχηματίσει	qui transfigurera	
48	10	τὸ σῶμα τῆς ταπεινώσεως ἡμῶν	le corps de-l' humiliation de-nous,	PHP_3_21_eye2
48	11	σύμμορφον	conforme	
48	12	τῷ σώματι τῆς δόξης αὐτοῦ	au corps de-la gloire de-lui,	
48	13	κατὰ τὴν ἐνέργειαν	selon la capacité	
48	14	τοῦ αὐτὸν δύνασθαι	de lui pouvoir,	
48	15	καὶ ὑποτάξαι αὑτῷ	et de-soumettre à-lui	
48	16	τὰ πάντα	toutes les *choses*.	
49	1	ὥστε	Ainsi,	
49	2	ἀδελφοί μου	frères de-moi	PHP_4_1_ngs7
49	3	ἀγαπητοὶ καὶ ἐπιπόθητοι	bien-aimés et désirés,	
49	4	χαρὰ καὶ στέφανός μου	joie et couronne de-moi,	PHP_4_1_wx5w
49	5	οὕτως στήκετε	de-cette-manière tenez-ferme	PHP_4_1_dz44
49	6	ἐν Κυρίῳ ἀγαπητοί	dans *le* Seigneur, bien-aimés.	
50	1	παρακαλῶ Εὐοδίαν	J'exhorte Évodie	
50	2	καὶ παρακαλῶ Συντύχην	et j'exhorte Syntyche,	PHP_4_2_x5qf
50	3	φρονεῖν τὸ αὐτὸ	*à* penser la même *chose*	
50	4	ἐν Κυρίῳ	dans *le* Seigneur.	PHP_4_2_iyq7
51	1	ναὶ	Oui,	
51	2	ἐρωτῶ σέ καὶ	je-demande à-toi aussi,	PHP_4_3_yb3f
51	3	γνήσιε σύνζυγε	sincère collègue,	PHP_4_3_hdz7
51	4	συνλαμβάνου αὐταῖς	aide elles,	
51	5	αἵτινες συνήθλησάν μοι	elles-qui ont-combattu avec-moi	
51	6	ἐν τῷ εὐαγγελίῳ	dans l' évangile	
51	7	μετὰ καὶ Κλήμεντος	avec aussi Clément	PHP_4_3_cm3u
51	8	καὶ τῶν συνεργῶν λοιπῶν μου	et les collaborateurs restants de-moi,	
51	9	ὧν τὰ ὀνόματα	desquels les noms	
51	10	ἐν βίβλῳ ζωῆς	*sont* dans *le* livre de-vie.	PHP_4_3_s9h9
52	1	χαίρετε ἐν Κυρίῳ	Réjouissez-vous dans *le* Seigneur,	PHP_4_4_elt7
52	2	πάντοτε	toujours,	
52	3	ἐρῶ πάλιν	je-dirai à-nouveau,	
52	4	χαίρετε	réjouissez-vous !	
53	1	τὸ ἐπιεικὲς ὑμῶν	La modération de-vous	
53	2	γνωσθήτω	qu'*elle* soit connue	
53	3	πᾶσιν ἀνθρώποις	par-tous *les* hommes.	
54	1	ὁ Κύριος ἐγγύς	Le Seigneur *est* proche.	PHP_4_5_snk5
55	1	μεριμνᾶτε μηδὲν	Souciez-vous *à propos* de-rien,	
55	2	ἀλλ’ ἐν παντὶ	mais en tout,	
55	3	τὰ αἰτήματα ὑμῶν	les demandes de-vous	
55	4	γνωριζέσθω	qu'*elles* soient connues	
55	5	πρὸς τὸν Θεόν	pour Dieu,	
55	6	τῇ προσευχῇ καὶ τῇ δεήσει	par-la prière et la supplication	
55	7	μετὰ εὐχαριστίας	avec gratitude.	
56	1	καὶ ἡ εἰρήνη τοῦ Θεοῦ	Et la paix de Dieu	
56	2	ἡ ὑπερέχουσα	celle dépassant	
56	3	πάντα νοῦν	toute compréhension,	PHP_4_7_zr4x
56	4	φρουρήσει τὰς καρδίας ὑμῶν	protégera les cœurs de-vous	
56	5	καὶ τὰ νοήματα ὑμῶν	et les pensées de-vous	
56	6	ἐν Χριστῷ Ἰησοῦ	en Christ Jésus.	PHP_4_7_sb6s
57	1	τὸ λοιπόν	Le reste,	
57	2	ἀδελφοί	frères,	PHP_4_8_fxn5
57	3	ὅσα ἐστὶν ἀληθῆ	tout-ce-qui est vrai,	
57	4	ὅσα σεμνά	tout-ce-qui *est* honorable,	
57	5	ὅσα δίκαια	tout-ce-qui *est* juste,	
57	6	ὅσα ἁγνά	tout-ce-qui *est* pur,	
57	7	ὅσα προσφιλῆ	tout-ce-qui *est* aimable,	PHP_4_8_r275
57	8	ὅσα εὔφημα	tout-ce-qui *est* recommandable,	PHP_4_8_pv1i
57	9	εἴ τις ἀρετὴ	s' *il y a* quelque vertu	
57	10	καὶ εἴ τις ἔπαινος	et s' *il y a* quelque louange,	
57	11	λογίζεσθε ταῦτα	considérez ces *choses*.	
58	1	ἃ	Ce que	
58	2	καὶ ἐμάθετε	et vous-avez-appris	
58	3	καὶ παρελάβετε	et vous-avez-reçu,	
58	4	καὶ ἠκούσατε	et vous-avez-entendu	
58	5	καὶ εἴδετε	et vous-avez-vu,	
58	6	ἐν ἐμοί	en moi,	
58	7	πράσσετε ταῦτα	pratiquez ces *choses*	
58	8	καὶ ὁ Θεὸς τῆς εἰρήνης	et le Dieu de-la paix	
58	9	ἔσται μεθ’ ὑμῶν	sera avec vous.	
59	1	δὲ ἐχάρην μεγάλως	Et je-me-suis-réjoui grandement	
59	2	ἐν Κυρίῳ	dans *le* Seigneur ;	PHP_4_10_pwh9
59	3	ὅτι	parce que	
59	4	ἤδη ποτὲ	enfin	
59	5	ἀνεθάλετε	vous avez refleuri	
59	6	τὸ φρονεῖν ὑπὲρ ἐμοῦ	votre sentiment envers moi ;	
59	7	ἐφ’ ᾧ	pour qui	
59	8	ἐφρονεῖτε καὶ	vous-pensiez aussi,	
59	9	δέ ἠκαιρεῖσθε	mais vous-n'aviez-pas-l'occasion.	
60	1	οὐχ ὅτι	*Je ne dis* pas que	
60	2	λέγω	je parle	
60	3	καθ’ ὑστέρησιν	selon *mes* besoins ;	
60	4	ἐγὼ γὰρ	moi en-effet	
60	5	ἔμαθον	j'ai appris	
60	6	εἶναι	*à* être	
60	7	αὐτάρκης	me satisfaisant,	PHP_4_11_ts2k
60	8	ἐν οἷς εἰμι	dans *les situations dans* lesquelles je-suis.	
61	1	καὶ οἶδα ταπεινοῦσθαι	Et je-sais être-humilié,	
61	2	καὶ οἶδα περισσεύειν	et je-sais être-dans-l'abondance.	PHP_4_12_lgp9
62	1	ἐν παντὶ	En toute *circonstance*	
62	2	καὶ ἐν πᾶσιν	et dans toutes *les circonstances*	
62	3	μεμύημαι	j'ai été initié	
62	4	καὶ χορτάζεσθαι	et *à* être-rassasié	
62	5	καὶ πεινᾶν	et *à* avoir-faim,	PHP_4_12_xrp3
62	6	καὶ περισσεύειν	et *à* être-dans-l'abondance,	PHP_4_12_i9vp
62	7	καὶ ὑστερεῖσθαι	et *à* être-dans-le-besoin.	PHP_4_12_ufv4
63	1	ἰσχύω πάντα	J'ai-la-force *pour* tout	
63	2	ἐν τῷ ἐνδυναμοῦντί	en celui qui-rend-capable	
63	3	με	moi.	
64	1	πλὴν	Mais	
64	2	ἐποιήσατε καλῶς	vous-avez-agi bellement,	
64	3	συνκοινωνήσαντές	ayant pris *votre* part	
64	4	τῇ θλίψει μου	à-la tribulation de-moi.	PHP_4_14_fe2z
65	1	δὲ ὑμεῖς καὶ	Et vous aussi,	
65	2	Φιλιππήσιοι	Philippiens,	
65	3	οἴδατε ὅτι	vous-savez que	
65	4	ἐν ἀρχῇ	au commencement	
65	5	τοῦ εὐαγγελίου	*de ma proclamation* de-l' évangile,	
65	6	ὅτε ἐξῆλθον	quand je-suis-parti	
65	7	ἀπὸ Μακεδονίας	hors-de Macédoine,	
65	8	οὐδεμία ἐκκλησία	aucune église	
65	9	ἐκοινώνησεν μοι	n'a-contribué pour-moi	
65	10	εἰς λόγον δόσεως	pour un-compte de-don	
65	11	καὶ λήμψεως	et de-réception	
65	12	εἰ μὴ	si *ce* n'*est*	
65	13	ὑμεῖς μόνοι	vous seuls.	PHP_4_15_dyf8
66	1	ὅτι καὶ	Parce-que aussi	
66	2	ἐν Θεσσαλονίκῃ	à Thessalonique,	
66	3	καὶ ἅπαξ καὶ δὶς	et une-fois et deux-fois,	
66	4	ἐπέμψατε μοι	vous-avez-envoyé à-moi	
66	5	εἰς τὴν χρείαν	pour mon besoin.	
67	1	οὐχ ὅτι	*Je* ne *dis* pas que	
67	2	ἐπιζητῶ τὸ δόμα	je-recherche le don,	PHP_4_17_e9g9
67	3	ἀλλὰ ἐπιζητῶ	mais je-recherche	
67	4	τὸν καρπὸν	le fruit	
67	5	τὸν πλεονάζοντα	celui croissant	
67	6	εἰς λόγον ὑμῶν	pour le-compte de-vous.	PHP_4_17_bh3t
68	1	δὲ ἀπέχω πάντα	Et je-reçois tout,	PHP_4_18_fs44
68	2	καὶ περισσεύω	et je-suis-dans-l'abondance,	
68	3	πεπλήρωμαι	et je-suis-comblé,	
68	4	δεξάμενος	ayant reçu	
68	5	τὰ παρ’ ὑμῶν	les *choses de* chez vous	
68	6	παρὰ Ἐπαφροδίτου	de-la-main-d' Épaphrodite,	
68	7	ὀσμὴν εὐωδίας	un-parfum de-bonne-odeur,	
68	8	θυσίαν δεκτήν	un-sacrifice plaisant,	
68	9	εὐάρεστον τῷ Θεῷ	agréable pour Dieu.	PHP_4_18_s68v
69	1	δὲ ὁ Θεός μου	Et le Dieu de-moi	
69	2	πληρώσει πᾶσαν χρείαν ὑμῶν	comblera tout besoin de-vous,	PHP_4_19_r96p
69	3	κατὰ τὸ πλοῦτος αὐτοῦ	conformément-à la richesse de-lui	
69	4	ἐν δόξῃ	dans *la* gloire	PHP_4_19_xmk2
69	5	ἐν Χριστῷ Ἰησοῦ	en Christ Jésus.	
70	1	δὲ	Et	
70	2	τῷ Θεῷ καὶ Πατρὶ ἡμῶν	à Dieu et *au* Père de-nous	PHP_4_20_fba5
70	3	ἡ δόξα	*soit* la gloire	
70	4	εἰς τοὺς αἰῶνας τῶν αἰώνων	pour les siècles des siècles.	
71	1	ἀμήν	Amen !	
72	1	ἀσπάσασθε	Saluez	PHP_4_21_h2jr
72	2	πάντα ἅγιον	chaque saint	
72	3	ἐν Χριστῷ Ἰησοῦ	en Christ Jésus,	
72	4	οἱ ἀδελφοί σὺν ἐμοὶ	les frères *qui sont* avec moi	PHP_4_21_z65a
72	5	ἀσπάζονται ὑμᾶς	saluent vous,	
72	6	πάντες οἱ ἅγιοι	tous les saints,	
72	7	ἀσπάζονται ὑμᾶς	saluent vous,	
72	8	δὲ μάλιστα	et surtout	
72	9	οἱ ἐκ οἰκίας	ceux de *la* maison	
72	10	τῆς Καίσαρος	de César.	PHP_4_22_rg96
73	1	ἡ χάρις	La grâce	
73	2	τοῦ Κυρίου Ἰησοῦ Χριστοῦ	du Seigneur Jésus Christ	
73	3	μετὰ τοῦ πνεύματος ὑμῶν	*soit* avec l' esprit de-vous.	PHP_4_23_a3f8
74	1	ἀμήν	Amen !	
